{
    "rules": [
        {
            "name": "Game of Life",
            "measure": {
                "V0Est": "0",
                "V150Dec": "4.6875",
                "V250Cao": "67.96875",
                "V351Cao": "0",
                "V451Cre": "27.34375",
                "V1Est": "0",
                "V0EstDin": "0",
                "V150DecDin": "75.2365829",
                "V250CaoDin": "13.3872487",
                "V351CaoDin": "0",
                "V451CreDin": "11.3761683",
                "V1EstDin": "0"
            }
        }
 
    ]
}